Date,Item,Vendor,Amount,Paid By
9/3/2026,Venue deposit,Lakeview Lodge,$500.00,Jordan
09/17/2026,Lakeview deposit refund,Lakeview Lodge,-500,Jordan
2026-09-16,Venue deposit,Hill Country Retreat Center,"$1,200.00",Jordan
2026-09-16,Venue deposit,Hill Country Retreat Center,"$1,200.00",Jordan
Sept 18,Catering 50% upfront,Smoke & Oak BBQ,$850,sam
9/18/26,Catering 50% upfront,Smoke and Oak BBQ,850.00,Sam
9/20/2026,Name badges + supplies,Office Depot,$64.5,Mei
9/21/2026,Escape room hold,Lock & Key Escapes,,Alex
,Van rental quote (not booked),Enterprise,$215,Sam
